fold	acc	auc
0	0.84375	0.8743961453437805
1	0.875	0.9710144400596619
2	0.71875	0.8695652484893799
3	0.8125	0.8743961453437805
4	0.8064516186714172	0.9217171669006348
